pokemon_id,form_id,identifier,is_default,order,height_m,weight_kg
1,1,bulbasaur,True,1,0.7,6.9
2,1,ivysaur,True,2,1.0,13.0
3,1,venusaur,True,3,2.0,100.0
3,2,venusaur-mega,False,4,2.4,155.5
4,1,charmander,True,5,0.6,8.5
5,1,charmeleon,True,6,1.1,19.0
6,1,charizard,True,7,1.7,90.5
6,2,charizard-mega-x,False,8,1.7,110.5
6,3,charizard-mega-y,False,9,1.7,100.5
6,4,charizard-gigantamax,False,10,28.0,
7,1,squirtle,True,11,0.5,9.0
8,1,wartortle,True,12,1.0,22.5
9,1,blastoise,True,13,1.6,85.5
9,2,blastoise-mega,False,14,1.6,101.1
10,1,caterpie,True,15,0.3,2.9
11,1,metapod,True,16,0.7,9.9
12,1,butterfree,True,17,1.1,32.0
12,2,butterfree-gigantamax,False,18,17.0,
13,1,weedle,True,19,0.3,3.2
14,1,kakuna,True,20,0.6,10.0
15,1,beedrill,True,21,1.0,29.5
15,2,beedrill-mega,False,22,1.4,40.5
16,1,pidgey,True,23,0.3,1.8
17,1,pidgeotto,True,24,1.1,30.0
18,1,pidgeot,True,25,1.5,39.5
18,2,pidgeot-mega,False,26,2.2,50.5
19,1,rattata,True,27,0.3,3.5
19,2,rattata-alola,False,28,0.3,3.8
20,1,raticate,True,29,0.7,18.5
20,2,raticate-alola,False,30,0.7,25.5
21,1,spearow,True,31,0.3,2.0
22,1,fearow,True,32,1.2,38.0
23,1,ekans,True,33,2.0,6.9
24,1,arbok,True,34,3.5,65.0
25,1,pikachu,True,37,0.4,6.0
25,2,pikachu-cosplay,False,38,0.4,6.0
25,3,pikachu-rock-star,False,39,0.4,6.0
25,4,pikachu-belle,False,40,0.4,6.0
25,5,pikachu-pop-star,False,41,0.4,6.0
25,6,pikachu-ph-d,False,42,0.4,6.0
25,7,pikachu-libre,False,43,0.4,6.0
25,8,pikachu-original-cap,False,44,0.4,6.0
25,9,pikachu-hoenn-cap,False,45,0.4,6.0
25,10,pikachu-sinnoh-cap,False,46,0.4,6.0
25,11,pikachu-unova-cap,False,47,0.4,6.0
25,12,pikachu-kalos-cap,False,48,0.4,6.0
25,13,pikachu-alola-cap,False,49,0.4,6.0
25,14,pikachu-partner-cap,False,50,0.4,6.0
25,15,pikachu-partner,False,10001,0.4,6.0
25,16,pikachu-gigantamax,False,51,21.0,
26,1,raichu,True,52,0.8,30.0
26,2,raichu-alola,False,53,0.7,21.0
27,1,sandshrew,True,54,0.6,12.0
27,2,sandshrew-alola,False,55,0.7,40.0
28,1,sandslash,True,56,1.0,29.5
28,2,sandslash-alola,False,57,1.2,55.0
29,1,nidoran-female,True,58,0.4,7.0
30,1,nidorina,True,59,0.8,20.0
31,1,nidoqueen,True,60,1.3,60.0
32,1,nidoran-male,True,61,0.5,9.0
33,1,nidorino,True,62,0.9,19.5
34,1,nidoking,True,63,1.4,62.0
35,1,clefairy,True,65,0.6,7.5
36,1,clefable,True,66,1.3,40.0
37,1,vulpix,True,67,0.6,9.9
37,2,vulpix-alola,False,68,0.6,9.9
38,1,ninetales,True,69,1.1,19.9
38,2,ninetales-alola,False,70,1.1,19.9
39,1,jigglypuff,True,72,0.5,5.5
40,1,wigglytuff,True,73,1.0,12.0
41,1,zubat,True,74,0.8,7.5
42,1,golbat,True,75,1.6,55.0
43,1,oddish,True,77,0.5,5.4
44,1,gloom,True,78,0.8,8.6
45,1,vileplume,True,79,1.2,18.6
46,1,paras,True,81,0.3,5.4
47,1,parasect,True,82,1.0,29.5
48,1,venonat,True,83,1.0,30.0
49,1,venomoth,True,84,1.5,12.5
50,1,diglett,True,85,0.2,0.8
50,2,diglett-alola,False,86,0.2,1.0
51,1,dugtrio,True,87,0.7,33.3
51,2,dugtrio-alola,False,88,0.7,66.6
52,1,meowth,True,89,0.4,4.2
52,2,meowth-alola,False,90,0.4,4.2
52,3,meowth-galar,False,91,0.4,7.5
52,4,meowth-gigantamax,False,92,33.0,
53,1,persian,True,93,1.0,32.0
53,2,persian-alola,False,94,1.1,33.0
54,1,psyduck,True,96,0.8,19.6
55,1,golduck,True,97,1.7,76.6
56,1,mankey,True,98,0.5,28.0
57,1,primeape,True,99,1.0,32.0
58,1,growlithe,True,100,0.7,19.0
59,1,arcanine,True,101,1.9,155.0
60,1,poliwag,True,102,0.6,12.4
61,1,poliwhirl,True,103,1.0,20.0
62,1,poliwrath,True,104,1.3,54.0
63,1,abra,True,106,0.9,19.5
64,1,kadabra,True,107,1.3,56.5
65,1,alakazam,True,108,1.5,48.0
65,2,alakazam-mega,False,109,1.2,48.0
66,1,machop,True,110,0.8,19.5
67,1,machoke,True,111,1.5,70.5
68,1,machamp,True,112,1.6,130.0
68,2,machamp-gigantamax,False,113,25.0,
69,1,bellsprout,True,114,0.7,4.0
70,1,weepinbell,True,115,1.0,6.4
71,1,victreebel,True,116,1.7,15.5
72,1,tentacool,True,117,0.9,45.5
73,1,tentacruel,True,118,1.6,55.0
74,1,geodude,True,119,0.4,20.0
74,2,geodude-alola,False,120,0.4,20.3
75,1,graveler,True,121,1.0,105.0
75,2,graveler-alola,False,122,1.0,110.0
76,1,golem,True,123,1.4,300.0
76,2,golem-alola,False,124,1.7,316.0
77,1,ponyta,True,125,1.0,30.0
77,2,ponyta-galar,False,126,0.8,24.0
78,1,rapidash,True,127,1.7,95.0
78,2,rapidash-galar,False,128,1.7,80.0
79,1,slowpoke,True,129,1.2,36.0
80,1,slowbro,True,130,1.6,78.5
80,2,slowbro-mega,False,131,2.0,120.0
81,1,magnemite,True,133,0.3,6.0
82,1,magneton,True,134,1.0,60.0
83,1,farfetchd,True,136,0.8,15.0
83,2,farfetchd-galar,False,137,0.8,42.0
84,1,doduo,True,139,1.4,39.2
85,1,dodrio,True,140,1.8,85.2
86,1,seel,True,141,1.1,90.0
87,1,dewgong,True,142,1.7,120.0
88,1,grimer,True,143,0.9,30.0
88,2,grimer-alola,False,144,0.7,42.0
89,1,muk,True,145,1.2,30.0
89,2,muk-alola,False,146,1.0,52.0
90,1,shellder,True,147,0.3,4.0
91,1,cloyster,True,148,1.5,132.5
92,1,gastly,True,149,1.3,0.1
93,1,haunter,True,150,1.6,0.1
94,1,gengar,True,151,1.5,40.5
94,2,gengar-mega,False,152,1.4,40.5
94,3,gengar-gigantamax,False,153,20.0,
95,1,onix,True,154,8.8,210.0
96,1,drowzee,True,157,1.0,32.4
97,1,hypno,True,158,1.6,75.6
98,1,krabby,True,159,0.4,6.5
99,1,kingler,True,160,1.3,60.0
99,2,kingler-gigantamax,False,161,19.0,
100,1,voltorb,True,162,0.5,10.4
101,1,electrode,True,163,1.2,66.6
102,1,exeggcute,True,164,0.4,2.5
103,1,exeggutor,True,165,2.0,120.0
103,2,exeggutor-alola,False,166,10.9,415.6
104,1,cubone,True,167,0.4,6.5
105,1,marowak,True,168,1.0,45.0
105,2,marowak-alola,False,169,1.0,34.0
106,1,hitmonlee,True,171,1.5,49.8
107,1,hitmonchan,True,172,1.4,50.2
108,1,lickitung,True,174,1.2,65.5
109,1,koffing,True,176,0.6,1.0
110,1,weezing,True,177,1.2,9.5
110,2,weezing-galar,False,178,3.0,16.0
111,1,rhyhorn,True,179,1.0,115.0
112,1,rhydon,True,180,1.9,120.0
113,1,chansey,True,183,1.1,34.6
114,1,tangela,True,185,1.0,35.0
115,1,kangaskhan,True,187,2.2,80.0
115,2,kangaskhan-mega,False,188,2.2,100.0
116,1,horsea,True,189,0.4,8.0
117,1,seadra,True,190,1.2,25.0
118,1,goldeen,True,192,0.6,15.0
119,1,seaking,True,193,1.3,39.0
120,1,staryu,True,194,0.8,34.5
121,1,starmie,True,195,1.1,80.0
122,1,mr-mime,True,197,1.3,54.5
122,2,mr-mime-galar,False,198,1.4,56.8
123,1,scyther,True,200,1.5,56.0
124,1,jynx,True,204,1.4,40.6
125,1,electabuzz,True,206,1.1,30.0
126,1,magmar,True,209,1.3,44.5
127,1,pinsir,True,211,1.5,55.0
127,2,pinsir-mega,False,212,1.7,59.0
128,1,tauros,True,213,1.4,88.4
129,1,magikarp,True,214,0.9,10.0
130,1,gyarados,True,215,6.5,235.0
130,2,gyarados-mega,False,216,6.5,305.0
131,1,lapras,True,217,2.5,220.0
131,2,lapras-gigantamax,False,218,24.0,
132,1,ditto,True,219,0.3,4.0
133,1,eevee,True,220,0.3,6.5
133,2,eevee-partner,False,10000,0.3,6.5
133,3,eevee-gigantamax,False,221,18.0,
134,1,vaporeon,True,222,1.0,29.0
135,1,jolteon,True,223,0.8,24.5
136,1,flareon,True,224,0.9,25.0
137,1,porygon,True,230,0.8,36.5
138,1,omanyte,True,233,0.4,7.5
139,1,omastar,True,234,1.0,35.0
140,1,kabuto,True,235,0.5,11.5
141,1,kabutops,True,236,1.3,40.5
142,1,aerodactyl,True,237,1.8,59.0
142,2,aerodactyl-mega,False,238,2.1,79.0
143,1,snorlax,True,240,2.1,460.0
143,2,snorlax-gigantamax,False,241,35.0,
144,1,articuno,True,242,1.7,55.4
145,1,zapdos,True,243,1.6,52.6
146,1,moltres,True,244,2.0,60.0
147,1,dratini,True,245,1.8,3.3
148,1,dragonair,True,246,4.0,16.5
149,1,dragonite,True,247,2.2,210.0
150,1,mewtwo,True,248,2.0,122.0
150,2,mewtwo-mega-x,False,249,2.3,127.0
150,3,mewtwo-mega-y,False,250,1.5,33.0
151,1,mew,True,251,0.4,4.0
152,1,chikorita,True,252,0.9,6.4
153,1,bayleef,True,253,1.2,15.8
154,1,meganium,True,254,1.8,100.5
155,1,cyndaquil,True,255,0.5,7.9
156,1,quilava,True,256,0.9,19.0
157,1,typhlosion,True,257,1.7,79.5
158,1,totodile,True,258,0.6,9.5
159,1,croconaw,True,259,1.1,25.0
160,1,feraligatr,True,260,2.3,88.8
161,1,sentret,True,261,0.8,6.0
162,1,furret,True,262,1.8,32.5
163,1,hoothoot,True,263,0.7,21.2
164,1,noctowl,True,264,1.6,40.8
165,1,ledyba,True,265,1.0,10.8
166,1,ledian,True,266,1.4,35.6
167,1,spinarak,True,267,0.5,8.5
168,1,ariados,True,268,1.1,33.5
169,1,crobat,True,76,1.8,75.0
170,1,chinchou,True,269,0.5,12.0
171,1,lanturn,True,270,1.2,22.5
172,1,pichu,True,35,0.3,2.0
172,2,pichu-spiky-eared,False,36,0.3,2.0
173,1,cleffa,True,64,0.3,3.0
174,1,igglybuff,True,71,0.3,1.0
175,1,togepi,True,271,0.3,1.5
176,1,togetic,True,272,0.6,3.2
177,1,natu,True,274,0.2,2.0
178,1,xatu,True,275,1.5,15.0
179,1,mareep,True,276,0.6,7.8
180,1,flaaffy,True,277,0.8,13.3
181,1,ampharos,True,278,1.4,61.5
181,2,ampharos-mega,False,279,1.4,61.5
182,1,bellossom,True,80,0.4,5.8
183,1,marill,True,281,0.4,8.5
184,1,azumarill,True,282,0.8,28.5
185,1,sudowoodo,True,284,1.2,38.0
186,1,politoed,True,105,1.1,33.9
187,1,hoppip,True,285,0.4,0.5
188,1,skiploom,True,286,0.6,1.0
189,1,jumpluff,True,287,0.8,3.0
190,1,aipom,True,288,0.8,11.5
191,1,sunkern,True,290,0.3,1.8
192,1,sunflora,True,291,0.8,8.5
193,1,yanma,True,292,1.2,38.0
194,1,wooper,True,294,0.4,8.5
195,1,quagsire,True,295,1.4,75.0
196,1,espeon,True,225,0.9,26.5
197,1,umbreon,True,226,1.0,27.0
198,1,murkrow,True,296,0.5,2.1
199,1,slowking,True,132,2.0,79.5
200,1,misdreavus,True,298,0.7,1.0
201,1,unown-a,True,300,0.5,5.0
201,2,unown-b,False,301,0.5,5.0
201,3,unown-c,False,302,0.5,5.0
201,4,unown-d,False,303,0.5,5.0
201,5,unown-e,False,304,0.5,5.0
201,6,unown-f,False,305,0.5,5.0
201,7,unown-g,False,306,0.5,5.0
201,8,unown-h,False,307,0.5,5.0
201,9,unown-i,False,308,0.5,5.0
201,10,unown-j,False,309,0.5,5.0
201,11,unown-k,False,310,0.5,5.0
201,12,unown-l,False,311,0.5,5.0
201,13,unown-m,False,312,0.5,5.0
201,14,unown-n,False,313,0.5,5.0
201,15,unown-o,False,314,0.5,5.0
201,16,unown-p,False,315,0.5,5.0
201,17,unown-q,False,316,0.5,5.0
201,18,unown-r,False,317,0.5,5.0
201,19,unown-s,False,318,0.5,5.0
201,20,unown-t,False,319,0.5,5.0
201,21,unown-u,False,320,0.5,5.0
201,22,unown-v,False,321,0.5,5.0
201,23,unown-w,False,322,0.5,5.0
201,24,unown-x,False,323,0.5,5.0
201,25,unown-y,False,324,0.5,5.0
201,26,unown-z,False,325,0.5,5.0
201,27,unown-exclamation,False,326,0.5,5.0
201,28,unown-question,False,327,0.5,5.0
202,1,wobbuffet,True,329,1.3,28.5
203,1,girafarig,True,330,1.5,41.5
204,1,pineco,True,331,0.6,7.2
205,1,forretress,True,332,1.2,125.8
206,1,dunsparce,True,333,1.5,14.0
207,1,gligar,True,334,1.1,64.8
208,1,steelix,True,155,9.2,400.0
208,2,steelix-mega,False,156,10.5,740.0
209,1,snubbull,True,336,0.6,7.8
210,1,granbull,True,337,1.4,48.7
211,1,qwilfish,True,338,0.5,3.9
212,1,scizor,True,201,1.8,118.0
212,2,scizor-mega,False,202,2.0,125.0
213,1,shuckle,True,339,0.6,20.5
214,1,heracross,True,340,1.5,54.0
214,2,heracross-mega,False,341,1.7,62.5
215,1,sneasel,True,342,0.9,28.0
216,1,teddiursa,True,344,0.6,8.8
217,1,ursaring,True,345,1.8,125.8
218,1,slugma,True,346,0.7,35.0
219,1,magcargo,True,347,0.8,55.0
220,1,swinub,True,348,0.4,6.5
221,1,piloswine,True,349,1.1,55.8
222,1,corsola,True,351,0.6,5.0
222,2,corsola-galar,False,352,0.6,0.5
223,1,remoraid,True,354,0.6,12.0
224,1,octillery,True,355,0.9,28.5
225,1,delibird,True,356,0.9,16.0
226,1,mantine,True,358,2.1,220.0
227,1,skarmory,True,359,1.7,50.5
228,1,houndour,True,360,0.6,10.8
229,1,houndoom,True,361,1.4,35.0
229,2,houndoom-mega,False,362,1.9,49.5
230,1,kingdra,True,191,1.8,152.0
231,1,phanpy,True,363,0.5,33.5
232,1,donphan,True,364,1.1,120.0
233,1,porygon2,True,231,0.6,32.5
234,1,stantler,True,365,1.4,71.2
235,1,smeargle,True,366,1.2,58.0
236,1,tyrogue,True,170,0.7,21.0
237,1,hitmontop,True,173,1.4,48.0
238,1,smoochum,True,203,0.4,6.0
239,1,elekid,True,205,0.6,23.5
240,1,magby,True,208,0.7,21.4
241,1,miltank,True,367,1.2,75.5
242,1,blissey,True,184,1.5,46.8
243,1,raikou,True,368,1.9,178.0
244,1,entei,True,369,2.1,198.0
245,1,suicune,True,370,2.0,187.0
246,1,larvitar,True,371,0.6,72.0
247,1,pupitar,True,372,1.2,152.0
248,1,tyranitar,True,373,2.0,202.0
248,2,tyranitar-mega,False,374,2.5,255.0
249,1,lugia,True,375,5.2,216.0
250,1,ho-oh,True,376,3.8,199.0
251,1,celebi,True,377,0.6,5.0
252,1,treecko,True,378,0.5,5.0
253,1,grovyle,True,379,0.9,21.6
254,1,sceptile,True,380,1.7,52.2
254,2,sceptile-mega,False,381,1.9,55.2
255,1,torchic,True,382,0.4,2.5
256,1,combusken,True,383,0.9,19.5
257,1,blaziken,True,384,1.9,52.0
257,2,blaziken-mega,False,385,1.9,52.0
258,1,mudkip,True,386,0.4,7.6
259,1,marshtomp,True,387,0.7,28.0
260,1,swampert,True,388,1.5,81.9
260,2,swampert-mega,False,389,1.9,102.0
261,1,poochyena,True,390,0.5,13.6
262,1,mightyena,True,391,1.0,37.0
263,1,zigzagoon,True,392,0.4,17.5
263,2,zigzagoon-galar,False,393,0.4,17.5
264,1,linoone,True,394,0.5,32.5
264,2,linoone-galar,False,395,0.5,32.5
265,1,wurmple,True,397,0.3,3.6
266,1,silcoon,True,398,0.6,10.0
267,1,beautifly,True,399,1.0,28.4
268,1,cascoon,True,400,0.7,11.5
269,1,dustox,True,401,1.2,31.6
270,1,lotad,True,402,0.5,2.6
271,1,lombre,True,403,1.2,32.5
272,1,ludicolo,True,404,1.5,55.0
273,1,seedot,True,405,0.5,4.0
274,1,nuzleaf,True,406,1.0,28.0
275,1,shiftry,True,407,1.3,59.6
276,1,taillow,True,408,0.3,2.3
277,1,swellow,True,409,0.7,19.8
278,1,wingull,True,410,0.6,9.5
279,1,pelipper,True,411,1.2,28.0
280,1,ralts,True,412,0.4,6.6
281,1,kirlia,True,413,0.8,20.2
282,1,gardevoir,True,414,1.6,48.4
282,2,gardevoir-mega,False,415,1.6,48.4
283,1,surskit,True,418,0.5,1.7
284,1,masquerain,True,419,0.8,3.6
285,1,shroomish,True,420,0.4,4.5
286,1,breloom,True,421,1.2,39.2
287,1,slakoth,True,422,0.8,24.0
288,1,vigoroth,True,423,1.4,46.5
289,1,slaking,True,424,2.0,130.5
290,1,nincada,True,425,0.5,5.5
291,1,ninjask,True,426,0.8,12.0
292,1,shedinja,True,427,0.8,1.2
293,1,whismur,True,428,0.6,16.3
294,1,loudred,True,429,1.0,40.5
295,1,exploud,True,430,1.5,84.0
296,1,makuhita,True,431,1.0,86.4
297,1,hariyama,True,432,2.3,253.8
298,1,azurill,True,280,0.2,2.0
299,1,nosepass,True,433,1.0,97.0
300,1,skitty,True,435,0.6,11.0
301,1,delcatty,True,436,1.1,32.6
302,1,sableye,True,437,0.5,11.0
302,2,sableye-mega,False,438,0.5,161.0
303,1,mawile,True,439,0.6,11.5
303,2,mawile-mega,False,440,1.0,23.5
304,1,aron,True,441,0.4,60.0
305,1,lairon,True,442,0.9,120.0
306,1,aggron,True,443,2.1,360.0
306,2,aggron-mega,False,444,2.2,395.0
307,1,meditite,True,445,0.6,11.2
308,1,medicham,True,446,1.3,31.5
308,2,medicham-mega,False,447,1.3,31.5
309,1,electrike,True,448,0.6,15.2
310,1,manectric,True,449,1.5,40.2
310,2,manectric-mega,False,450,1.8,44.0
311,1,plusle,True,451,0.4,4.2
312,1,minun,True,452,0.4,4.2
313,1,volbeat,True,453,0.7,17.7
314,1,illumise,True,454,0.6,17.7
315,1,roselia,True,456,0.3,2.0
316,1,gulpin,True,458,0.4,10.3
317,1,swalot,True,459,1.7,80.0
318,1,carvanha,True,460,0.8,20.8
319,1,sharpedo,True,461,1.8,88.8
319,2,sharpedo-mega,False,462,2.5,130.3
320,1,wailmer,True,463,2.0,130.0
321,1,wailord,True,464,14.5,398.0
322,1,numel,True,465,0.7,24.0
323,1,camerupt,True,466,1.9,220.0
323,2,camerupt-mega,False,467,2.5,320.5
324,1,torkoal,True,468,0.5,80.4
325,1,spoink,True,469,0.7,30.6
326,1,grumpig,True,470,0.9,71.5
327,1,spinda,True,471,1.1,5.0
328,1,trapinch,True,472,0.7,15.0
329,1,vibrava,True,473,1.1,15.3
330,1,flygon,True,474,2.0,82.0
331,1,cacnea,True,475,0.4,51.3
332,1,cacturne,True,476,1.3,77.4
333,1,swablu,True,477,0.4,1.2
334,1,altaria,True,478,1.1,20.6
334,2,altaria-mega,False,479,1.5,20.6
335,1,zangoose,True,480,1.3,40.3
336,1,seviper,True,481,2.7,52.5
337,1,lunatone,True,482,1.0,168.0
338,1,solrock,True,483,1.2,154.0
339,1,barboach,True,484,0.4,1.9
340,1,whiscash,True,485,0.9,23.6
341,1,corphish,True,486,0.6,11.5
342,1,crawdaunt,True,487,1.1,32.8
343,1,baltoy,True,488,0.5,21.5
344,1,claydol,True,489,1.5,108.0
345,1,lileep,True,490,1.0,23.8
346,1,cradily,True,491,1.5,60.4
347,1,anorith,True,492,0.7,12.5
348,1,armaldo,True,493,1.5,68.2
349,1,feebas,True,494,0.6,7.4
350,1,milotic,True,495,6.2,162.0
351,1,castform,True,496,0.3,0.8
351,2,castform-sunny,False,497,0.3,0.8
351,3,castform-rainy,False,498,0.3,0.8
351,4,castform-snowy,False,499,0.3,0.8
352,1,kecleon,True,500,1.0,22.0
353,1,shuppet,True,501,0.6,2.3
354,1,banette,True,502,1.1,12.5
354,2,banette-mega,False,503,1.2,13.0
355,1,duskull,True,504,0.8,15.0
356,1,dusclops,True,505,1.6,30.6
357,1,tropius,True,507,2.0,100.0
358,1,chimecho,True,509,0.6,1.0
359,1,absol,True,510,1.2,47.0
359,2,absol-mega,False,511,1.2,49.0
360,1,wynaut,True,328,0.6,14.0
361,1,snorunt,True,512,0.7,16.8
362,1,glalie,True,513,1.5,256.5
362,2,glalie-mega,False,514,2.1,350.2
363,1,spheal,True,516,0.8,39.5
364,1,sealeo,True,517,1.1,87.6
365,1,walrein,True,518,1.4,150.6
366,1,clamperl,True,519,0.4,52.5
367,1,huntail,True,520,1.7,27.0
368,1,gorebyss,True,521,1.8,22.6
369,1,relicanth,True,522,1.0,23.4
370,1,luvdisc,True,523,0.6,8.7
371,1,bagon,True,524,0.6,42.1
372,1,shelgon,True,525,1.1,110.5
373,1,salamence,True,526,1.5,102.6
373,2,salamence-mega,False,527,1.8,112.6
374,1,beldum,True,528,0.6,95.2
375,1,metang,True,529,1.2,202.5
376,1,metagross,True,530,1.6,550.0
376,2,metagross-mega,False,531,2.5,942.9
377,1,regirock,True,532,1.7,230.0
378,1,regice,True,533,1.8,175.0
379,1,registeel,True,534,1.9,205.0
380,1,latias,True,535,1.4,40.0
380,2,latias-mega,False,536,1.8,52.0
381,1,latios,True,537,2.0,60.0
381,2,latios-mega,False,538,2.3,70.0
382,1,kyogre,True,539,4.5,352.0
382,2,kyogre-primal,False,540,9.8,430.0
383,1,groudon,True,541,3.5,950.0
383,2,groudon-primal,False,542,5.0,999.7
384,1,rayquaza,True,543,7.0,206.5
384,2,rayquaza-mega,False,544,10.8,392.0
385,1,jirachi,True,545,0.3,1.1
386,1,deoxys-normal,True,546,1.7,60.8
386,2,deoxys-attack,False,547,1.7,60.8
386,3,deoxys-defense,False,548,1.7,60.8
386,4,deoxys-speed,False,549,1.7,60.8
387,1,turtwig,True,550,0.4,10.2
388,1,grotle,True,551,1.1,97.0
389,1,torterra,True,552,2.2,310.0
390,1,chimchar,True,553,0.5,6.2
391,1,monferno,True,554,0.9,22.0
392,1,infernape,True,555,1.2,55.0
393,1,piplup,True,556,0.4,5.2
394,1,prinplup,True,557,0.8,23.0
395,1,empoleon,True,558,1.7,84.5
396,1,starly,True,559,0.3,2.0
397,1,staravia,True,560,0.6,15.5
398,1,staraptor,True,561,1.2,24.9
399,1,bidoof,True,562,0.5,20.0
400,1,bibarel,True,563,1.0,31.5
401,1,kricketot,True,564,0.3,2.2
402,1,kricketune,True,565,1.0,25.5
403,1,shinx,True,566,0.5,9.5
404,1,luxio,True,567,0.9,30.5
405,1,luxray,True,568,1.4,42.0
406,1,budew,True,455,0.2,1.2
407,1,roserade,True,457,0.9,14.5
408,1,cranidos,True,569,0.9,31.5
409,1,rampardos,True,570,1.6,102.5
410,1,shieldon,True,571,0.5,57.0
411,1,bastiodon,True,572,1.3,149.5
412,1,burmy-plant,True,573,0.2,3.4
412,2,burmy-sandy,False,574,0.2,3.4
412,3,burmy-trash,False,575,0.2,3.4
413,1,wormadam-plant,True,576,0.5,6.5
413,2,wormadam-sandy,False,577,0.5,6.5
413,3,wormadam-trash,False,578,0.5,6.5
414,1,mothim,True,579,0.9,23.3
415,1,combee,True,580,0.3,5.5
416,1,vespiquen,True,581,1.2,38.5
417,1,pachirisu,True,582,0.4,3.9
418,1,buizel,True,583,0.7,29.5
419,1,floatzel,True,584,1.1,33.5
420,1,cherubi,True,585,0.4,3.3
421,1,cherrim-overcast,True,586,0.5,9.3
421,2,cherrim-sunshine,False,587,0.5,9.3
422,1,shellos-west,True,588,0.3,6.3
422,2,shellos-east,False,589,0.3,6.3
423,1,gastrodon-west,True,590,0.9,29.9
423,2,gastrodon-east,False,591,0.9,29.9
424,1,ambipom,True,289,1.2,20.3
425,1,drifloon,True,592,0.4,1.2
426,1,drifblim,True,593,1.2,15.0
427,1,buneary,True,594,0.4,5.5
428,1,lopunny,True,595,1.2,33.3
428,2,lopunny-mega,False,596,1.3,28.3
429,1,mismagius,True,299,0.9,4.4
430,1,honchkrow,True,297,0.9,27.3
431,1,glameow,True,597,0.5,3.9
432,1,purugly,True,598,1.0,43.8
433,1,chingling,True,508,0.2,0.6
434,1,stunky,True,599,0.4,19.2
435,1,skuntank,True,600,1.0,38.0
436,1,bronzor,True,601,0.5,60.5
437,1,bronzong,True,602,1.3,187.0
438,1,bonsly,True,283,0.5,15.0
439,1,mime-jr,True,196,0.6,13.0
440,1,happiny,True,182,0.6,24.4
441,1,chatot,True,603,0.5,1.9
442,1,spiritomb,True,604,1.0,108.0
443,1,gible,True,605,0.7,20.5
444,1,gabite,True,606,1.4,56.0
445,1,garchomp,True,607,1.9,95.0
445,2,garchomp-mega,False,608,1.9,95.0
446,1,munchlax,True,239,0.6,105.0
447,1,riolu,True,609,0.7,20.2
448,1,lucario,True,610,1.2,54.0
448,2,lucario-mega,False,611,1.3,57.5
449,1,hippopotas,True,612,0.8,49.5
450,1,hippowdon,True,613,2.0,300.0
451,1,skorupi,True,614,0.8,12.0
452,1,drapion,True,615,1.3,61.5
453,1,croagunk,True,616,0.7,23.0
454,1,toxicroak,True,617,1.3,44.4
455,1,carnivine,True,618,1.4,27.0
456,1,finneon,True,619,0.4,7.0
457,1,lumineon,True,620,1.2,24.0
458,1,mantyke,True,357,1.0,65.0
459,1,snover,True,621,1.0,50.5
460,1,abomasnow,True,622,2.2,135.5
460,2,abomasnow-mega,False,623,2.7,185.0
461,1,weavile,True,343,1.1,34.0
462,1,magnezone,True,135,1.2,180.0
463,1,lickilicky,True,175,1.7,140.0
464,1,rhyperior,True,181,2.4,282.8
465,1,tangrowth,True,186,2.0,128.6
466,1,electivire,True,207,1.8,138.6
467,1,magmortar,True,210,1.6,68.0
468,1,togekiss,True,273,1.5,38.0
469,1,yanmega,True,293,1.9,51.5
470,1,leafeon,True,227,1.0,25.5
471,1,glaceon,True,228,0.8,25.9
472,1,gliscor,True,335,2.0,42.5
473,1,mamoswine,True,350,2.5,291.0
474,1,porygon-z,True,232,0.9,34.0
475,1,gallade,True,416,1.6,52.0
475,2,gallade-mega,False,417,1.6,56.4
476,1,probopass,True,434,1.4,340.0
477,1,dusknoir,True,506,2.2,106.6
478,1,froslass,True,515,1.3,26.6
479,1,rotom,True,624,0.3,0.3
479,2,rotom-heat,False,625,0.3,0.3
479,3,rotom-wash,False,626,0.3,0.3
479,4,rotom-frost,False,627,0.3,0.3
479,5,rotom-fan,False,628,0.3,0.3
479,6,rotom-mow,False,629,0.3,0.3
480,1,uxie,True,630,0.3,0.3
481,1,mesprit,True,631,0.3,0.3
482,1,azelf,True,632,0.3,0.3
483,1,dialga,True,633,5.4,683.0
484,1,palkia,True,634,4.2,336.0
485,1,heatran,True,635,1.7,430.0
486,1,regigigas,True,636,3.7,420.0
487,1,giratina-altered,True,637,4.5,750.0
487,2,giratina-origin,False,638,6.9,650.0
488,1,cresselia,True,639,1.5,85.6
489,1,phione,True,640,0.4,3.1
490,1,manaphy,True,641,0.3,1.4
491,1,darkrai,True,642,1.5,50.5
492,1,shaymin-land,True,643,0.2,2.1
492,2,shaymin-sky,False,644,0.4,5.2
493,1,arceus-normal,True,645,3.2,320.0
493,2,arceus-fire,False,646,3.2,320.0
493,3,arceus-water,False,647,3.2,320.0
493,4,arceus-grass,False,648,3.2,320.0
493,5,arceus-electric,False,649,3.2,320.0
493,6,arceus-ice,False,650,3.2,320.0
493,7,arceus-fighting,False,651,3.2,320.0
493,8,arceus-poison,False,652,3.2,320.0
493,9,arceus-ground,False,653,3.2,320.0
493,10,arceus-flying,False,654,3.2,320.0
493,11,arceus-psychic,False,655,3.2,320.0
493,12,arceus-bug,False,656,3.2,320.0
493,13,arceus-rock,False,657,3.2,320.0
493,14,arceus-ghost,False,658,3.2,320.0
493,15,arceus-dragon,False,659,3.2,320.0
493,16,arceus-dark,False,660,3.2,320.0
493,17,arceus-steel,False,661,3.2,320.0
493,18,arceus-fairy,False,662,3.2,320.0
494,1,victini,True,663,0.4,4.0
495,1,snivy,True,664,0.6,8.1
496,1,servine,True,665,0.8,16.0
497,1,serperior,True,666,3.3,63.0
498,1,tepig,True,667,0.5,9.9
499,1,pignite,True,668,1.0,55.5
500,1,emboar,True,669,1.6,150.0
501,1,oshawott,True,670,0.5,5.9
502,1,dewott,True,671,0.8,24.5
503,1,samurott,True,672,1.5,94.6
504,1,patrat,True,673,0.5,11.6
505,1,watchog,True,674,1.1,27.0
506,1,lillipup,True,675,0.4,4.1
507,1,herdier,True,676,0.9,14.7
508,1,stoutland,True,677,1.2,61.0
509,1,purrloin,True,678,0.4,10.1
510,1,liepard,True,679,1.1,37.5
511,1,pansage,True,680,0.6,10.5
512,1,simisage,True,681,1.1,30.5
513,1,pansear,True,682,0.6,11.0
514,1,simisear,True,683,1.0,28.0
515,1,panpour,True,684,0.6,13.5
516,1,simipour,True,685,1.0,29.0
517,1,munna,True,686,0.6,23.3
518,1,musharna,True,687,1.1,60.5
519,1,pidove,True,688,0.3,2.1
520,1,tranquill,True,689,0.6,15.0
521,1,unfezant,True,690,1.2,29.0
522,1,blitzle,True,691,0.8,29.8
523,1,zebstrika,True,692,1.6,79.5
524,1,roggenrola,True,693,0.4,18.0
525,1,boldore,True,694,0.9,102.0
526,1,gigalith,True,695,1.7,260.0
527,1,woobat,True,696,0.4,2.1
528,1,swoobat,True,697,0.9,10.5
529,1,drilbur,True,698,0.3,8.5
530,1,excadrill,True,699,0.7,40.4
531,1,audino,True,700,1.1,31.0
531,2,audino-mega,False,701,1.5,32.0
532,1,timburr,True,702,0.6,12.5
533,1,gurdurr,True,703,1.2,40.0
534,1,conkeldurr,True,704,1.4,87.0
535,1,tympole,True,705,0.5,4.5
536,1,palpitoad,True,706,0.8,17.0
537,1,seismitoad,True,707,1.5,62.0
538,1,throh,True,708,1.3,55.5
539,1,sawk,True,709,1.4,51.0
540,1,sewaddle,True,710,0.3,2.5
541,1,swadloon,True,711,0.5,7.3
542,1,leavanny,True,712,1.2,20.5
543,1,venipede,True,713,0.4,5.3
544,1,whirlipede,True,714,1.2,58.5
545,1,scolipede,True,715,2.5,200.5
546,1,cottonee,True,716,0.3,0.6
547,1,whimsicott,True,717,0.7,6.6
548,1,petilil,True,718,0.5,6.6
549,1,lilligant,True,719,1.1,16.3
550,1,basculin-red-striped,True,720,1.0,18.0
550,2,basculin-blue-striped,False,721,1.0,18.0
551,1,sandile,True,722,0.7,15.2
552,1,krokorok,True,723,1.0,33.4
553,1,krookodile,True,724,1.5,96.3
554,1,darumaka,True,725,0.6,37.5
554,2,darumaka-galar,False,726,0.7,40.0
555,1,darmanitan-standard,True,727,1.3,92.9
555,2,darmanitan-zen,False,728,1.3,92.9
555,3,darmanitan-galar,False,729,1.7,120.0
555,4,darmanitan-galar-zen,False,730,1.7,120.0
556,1,maractus,True,731,1.0,28.0
557,1,dwebble,True,732,0.3,14.5
558,1,crustle,True,733,1.4,200.0
559,1,scraggy,True,734,0.6,11.8
560,1,scrafty,True,735,1.1,30.0
561,1,sigilyph,True,736,1.4,14.0
562,1,yamask,True,737,0.5,1.5
562,2,yamask-galar,False,738,0.5,1.5
563,1,cofagrigus,True,739,1.7,76.5
564,1,tirtouga,True,741,0.7,16.5
565,1,carracosta,True,742,1.2,81.0
566,1,archen,True,743,0.5,9.5
567,1,archeops,True,744,1.4,32.0
568,1,trubbish,True,745,0.6,31.0
569,1,garbodor,True,746,1.9,107.3
569,2,garbodor-gigantamax,False,747,21.0,
570,1,zorua,True,748,0.7,12.5
571,1,zoroark,True,749,1.6,81.1
572,1,minccino,True,750,0.4,5.8
573,1,cinccino,True,751,0.5,7.5
574,1,gothita,True,752,0.4,5.8
575,1,gothorita,True,753,0.7,18.0
576,1,gothitelle,True,754,1.5,44.0
577,1,solosis,True,755,0.3,1.0
578,1,duosion,True,756,0.6,8.0
579,1,reuniclus,True,757,1.0,20.1
580,1,ducklett,True,758,0.5,5.5
581,1,swanna,True,759,1.3,24.2
582,1,vanillite,True,760,0.4,5.7
583,1,vanillish,True,761,1.1,41.0
584,1,vanilluxe,True,762,1.3,57.5
585,1,deerling-spring,True,763,0.6,19.5
585,2,deerling-summer,False,764,0.6,19.5
585,3,deerling-autumn,False,765,0.6,19.5
585,4,deerling-winter,False,766,0.6,19.5
586,1,sawsbuck-spring,True,767,1.9,92.5
586,2,sawsbuck-summer,False,768,1.9,92.5
586,3,sawsbuck-autumn,False,769,1.9,92.5
586,4,sawsbuck-winter,False,770,1.9,92.5
587,1,emolga,True,771,0.4,5.0
588,1,karrablast,True,772,0.5,5.9
589,1,escavalier,True,773,1.0,33.0
590,1,foongus,True,774,0.2,1.0
591,1,amoonguss,True,775,0.6,10.5
592,1,frillish,True,776,1.2,33.0
593,1,jellicent,True,777,2.2,135.0
594,1,alomomola,True,778,1.2,31.6
595,1,joltik,True,779,0.1,0.6
596,1,galvantula,True,780,0.8,14.3
597,1,ferroseed,True,781,0.6,18.8
598,1,ferrothorn,True,782,1.0,110.0
599,1,klink,True,783,0.3,21.0
600,1,klang,True,784,0.6,51.0
601,1,klinklang,True,785,0.6,81.0
602,1,tynamo,True,786,0.2,0.3
603,1,eelektrik,True,787,1.2,22.0
604,1,eelektross,True,788,2.1,80.5
605,1,elgyem,True,789,0.5,9.0
606,1,beheeyem,True,790,1.0,34.5
607,1,litwick,True,791,0.3,3.1
608,1,lampent,True,792,0.6,13.0
609,1,chandelure,True,793,1.0,34.3
610,1,axew,True,794,0.6,18.0
611,1,fraxure,True,795,1.0,36.0
612,1,haxorus,True,796,1.8,105.5
613,1,cubchoo,True,797,0.5,8.5
614,1,beartic,True,798,2.6,260.0
615,1,cryogonal,True,799,1.1,148.0
616,1,shelmet,True,800,0.4,7.7
617,1,accelgor,True,801,0.8,25.3
618,1,stunfisk,True,802,0.7,11.0
618,2,stunfisk-galar,False,803,0.7,20.5
619,1,mienfoo,True,804,0.9,20.0
620,1,mienshao,True,805,1.4,35.5
621,1,druddigon,True,806,1.6,139.0
622,1,golett,True,807,1.0,92.0
623,1,golurk,True,808,2.8,330.0
624,1,pawniard,True,809,0.5,10.2
625,1,bisharp,True,810,1.6,70.0
626,1,bouffalant,True,811,1.6,94.6
627,1,rufflet,True,812,0.5,10.5
628,1,braviary,True,813,1.5,41.0
629,1,vullaby,True,814,0.5,9.0
630,1,mandibuzz,True,815,1.2,39.5
631,1,heatmor,True,816,1.4,58.0
632,1,durant,True,817,0.3,33.0
633,1,deino,True,818,0.8,17.3
634,1,zweilous,True,819,1.4,50.0
635,1,hydreigon,True,820,1.8,160.0
636,1,larvesta,True,821,1.1,28.8
637,1,volcarona,True,822,1.6,46.0
638,1,cobalion,True,823,2.1,250.0
639,1,terrakion,True,824,1.9,260.0
640,1,virizion,True,825,2.0,200.0
641,1,tornadus-incarnate,True,826,1.5,63.0
641,2,tornadus-therian,False,827,1.4,63.0
642,1,thundurus-incarnate,True,828,1.5,61.0
642,2,thundurus-therian,False,829,3.0,61.0
643,1,reshiram,True,830,3.2,330.0
644,1,zekrom,True,831,2.9,345.0
645,1,landorus-incarnate,True,832,1.5,68.0
645,2,landorus-therian,False,833,1.3,68.0
646,1,kyurem,True,834,3.0,325.0
646,2,kyurem-white,False,835,3.6,325.0
646,3,kyurem-black,False,836,3.3,325.0
647,1,keldeo-ordinary,True,837,1.4,48.5
647,2,keldeo-resolute,False,838,1.4,48.5
648,1,meloetta-aria,True,839,0.6,6.5
648,2,meloetta-pirouette,False,840,0.6,6.5
649,1,genesect,True,841,1.5,82.5
649,2,genesect-douse,False,842,1.5,82.5
649,3,genesect-shock,False,843,1.5,82.5
649,4,genesect-burn,False,844,1.5,82.5
649,5,genesect-chill,False,845,1.5,82.5
650,1,chespin,True,846,0.4,9.0
651,1,quilladin,True,847,0.7,29.0
652,1,chesnaught,True,848,1.6,90.0
653,1,fennekin,True,849,0.4,9.4
654,1,braixen,True,850,1.0,14.5
655,1,delphox,True,851,1.5,39.0
656,1,froakie,True,852,0.3,7.0
657,1,frogadier,True,853,0.6,10.9
658,1,greninja,True,854,1.5,40.0
658,2,greninja-ash,False,855,1.5,40.0
659,1,bunnelby,True,856,0.4,5.0
660,1,diggersby,True,857,1.0,42.4
661,1,fletchling,True,858,0.3,1.7
662,1,fletchinder,True,859,0.7,16.0
663,1,talonflame,True,860,1.2,24.5
664,1,scatterbug,True,861,0.3,2.5
665,1,spewpa,True,862,0.3,8.4
666,1,vivillon-icy-snow,False,863,1.2,17.0
666,2,vivillon-polar,False,864,1.2,17.0
666,3,vivillon-tundra,False,865,1.2,17.0
666,4,vivillon-continental,False,866,1.2,17.0
666,5,vivillon-garden,False,867,1.2,17.0
666,6,vivillon-elegant,False,868,1.2,17.0
666,7,vivillon-meadow,True,869,1.2,17.0
666,8,vivillon-modern,False,870,1.2,17.0
666,9,vivillon-marine,False,871,1.2,17.0
666,10,vivillon-archipelago,False,872,1.2,17.0
666,11,vivillon-high-plains,False,873,1.2,17.0
666,12,vivillon-sandstorm,False,874,1.2,17.0
666,13,vivillon-river,False,875,1.2,17.0
666,14,vivillon-monsoon,False,876,1.2,17.0
666,15,vivillon-savanna,False,877,1.2,17.0
666,16,vivillon-sun,False,878,1.2,17.0
666,17,vivillon-ocean,False,879,1.2,17.0
666,18,vivillon-jungle,False,880,1.2,17.0
666,19,vivillon-fancy,False,881,1.2,17.0
666,20,vivillon-poke-ball,False,882,1.2,17.0
667,1,litleo,True,883,0.6,13.5
668,1,pyroar,True,884,1.5,81.5
669,1,flabebe-red,True,885,0.1,0.1
669,2,flabebe-yellow,False,886,0.1,0.1
669,3,flabebe-orange,False,887,0.1,0.1
669,4,flabebe-blue,False,888,0.1,0.1
669,5,flabebe-white,False,889,0.1,0.1
670,1,floette-red,True,890,0.2,0.9
670,2,floette-yellow,False,891,0.2,0.9
670,3,floette-orange,False,892,0.2,0.9
670,4,floette-blue,False,893,0.2,0.9
670,5,floette-white,False,894,0.2,0.9
670,6,floette-eternal,False,895,0.2,0.9
671,1,florges-red,True,896,1.1,10.0
671,2,florges-yellow,False,897,1.1,10.0
671,3,florges-orange,False,898,1.1,10.0
671,4,florges-blue,False,899,1.1,10.0
671,5,florges-white,False,900,1.1,10.0
672,1,skiddo,True,901,0.9,31.0
673,1,gogoat,True,902,1.7,91.0
674,1,pancham,True,903,0.6,8.0
675,1,pangoro,True,904,2.1,136.0
676,1,furfrou-natural,True,905,1.2,28.0
676,2,furfrou-heart,False,906,1.2,28.0
676,3,furfrou-star,False,907,1.2,28.0
676,4,furfrou-diamond,False,908,1.2,28.0
676,5,furfrou-la-reine,False,909,1.2,28.0
676,6,furfrou-kabuki,False,910,1.2,28.0
676,7,furfrou-pharaoh,False,911,1.2,28.0
676,8,furfrou-debutante,False,912,1.2,28.0
676,9,furfrou-matron,False,913,1.2,28.0
676,10,furfrou-dandy,False,914,1.2,28.0
677,1,espurr,True,915,0.3,3.5
678,1,meowstic-female,True,916,0.6,8.5
678,2,meowstic-male,False,917,0.6,8.5
679,1,honedge,True,918,0.8,2.0
680,1,doublade,True,919,0.8,4.5
681,1,aegislash-shield,True,920,1.7,53.0
681,2,aegislash-blade,False,921,1.7,53.0
682,1,spritzee,True,922,0.2,0.5
683,1,aromatisse,True,923,0.8,15.5
684,1,swirlix,True,924,0.4,3.5
685,1,slurpuff,True,925,0.8,5.0
686,1,inkay,True,926,0.4,3.5
687,1,malamar,True,927,1.5,47.0
688,1,binacle,True,928,0.5,31.0
689,1,barbaracle,True,929,1.3,96.0
690,1,skrelp,True,930,0.5,7.3
691,1,dragalge,True,931,1.8,81.5
692,1,clauncher,True,932,0.5,8.3
693,1,clawitzer,True,933,1.3,35.3
694,1,helioptile,True,934,0.5,6.0
695,1,heliolisk,True,935,1.0,21.0
696,1,tyrunt,True,936,0.8,26.0
697,1,tyrantrum,True,937,2.5,270.0
698,1,amaura,True,938,1.3,25.2
699,1,aurorus,True,939,2.7,225.0
700,1,sylveon,True,229,1.0,23.5
701,1,hawlucha,True,940,0.8,21.5
702,1,dedenne,True,941,0.2,2.2
703,1,carbink,True,942,0.3,5.7
704,1,goomy,True,943,0.3,2.8
705,1,sliggoo,True,944,0.8,17.5
706,1,goodra,True,945,2.0,150.5
707,1,klefki,True,946,0.2,3.0
708,1,phantump,True,947,0.4,7.0
709,1,trevenant,True,948,1.5,71.0
710,1,pumpkaboo-small,False,949,0.3,3.5
710,2,pumpkaboo-average,True,950,0.4,5.0
710,3,pumpkaboo-large,False,951,0.5,7.5
710,4,pumpkaboo-super,False,952,0.8,15.0
711,1,gourgeist-small,False,953,0.7,9.5
711,2,gourgeist-average,True,954,0.9,12.5
711,3,gourgeist-large,False,955,1.1,14.0
711,4,gourgeist-super,False,956,1.7,39.0
712,1,bergmite,True,957,1.0,99.5
713,1,avalugg,True,958,2.0,505.0
714,1,noibat,True,959,0.5,8.0
715,1,noivern,True,960,1.5,85.0
716,1,xerneas-neutral,False,961,3.0,215.0
716,2,xerneas-active,True,962,3.0,215.0
717,1,yveltal,True,963,5.8,203.0
718,1,zygarde-10-percent,False,964,1.2,33.5
718,2,zygarde-50-percent,True,965,5.0,305.0
718,3,zygarde-complete,False,966,4.5,610.0
719,1,diancie,True,967,0.7,8.8
719,2,diancie-mega,False,968,1.1,27.8
720,1,hoopa-confined,True,969,0.5,9.0
720,2,hoopa-unbound,False,970,6.5,490.0
721,1,volcanion,True,971,1.7,195.0
722,1,rowlet,True,972,0.3,1.5
723,1,dartrix,True,973,0.7,16.0
724,1,decidueye,True,974,1.6,36.6
725,1,litten,True,975,0.4,4.3
726,1,torracat,True,976,0.7,25.0
727,1,incineroar,True,977,1.8,83.0
728,1,popplio,True,978,0.4,7.5
729,1,brionne,True,979,0.6,17.5
730,1,primarina,True,980,1.8,44.0
731,1,pikipek,True,981,0.3,1.2
732,1,trumbeak,True,982,0.6,14.8
733,1,toucannon,True,983,1.1,26.0
734,1,yungoos,True,984,0.4,6.0
735,1,gumshoos,True,985,0.7,14.2
736,1,grubbin,True,986,0.4,4.4
737,1,charjabug,True,987,0.5,10.5
738,1,vikavolt,True,988,1.5,45.0
739,1,crabrawler,True,989,0.6,7.0
740,1,crabominable,True,990,1.7,180.0
741,1,oricorio-baile,True,991,0.6,3.4
741,2,oricorio-pom-pom,False,992,0.6,3.4
741,3,oricorio-pau,False,993,0.6,3.4
741,4,oricorio-sensu,False,994,0.6,3.4
742,1,cutiefly,True,995,0.1,0.2
743,1,ribombee,True,996,0.2,0.5
744,1,rockruff,True,997,0.5,9.2
745,1,lycanroc-midday,True,998,0.8,25.0
745,2,lycanroc-midnight,False,999,1.1,25.0
745,3,lycanroc-dusk,False,1000,0.8,25.0
746,1,wishiwashi-solo,True,1001,0.2,0.3
746,2,wishiwashi-school,False,1002,8.2,78.6
747,1,mareanie,True,1003,0.4,8.0
748,1,toxapex,True,1004,0.7,14.5
749,1,mudbray,True,1005,1.0,110.0
750,1,mudsdale,True,1006,2.5,920.0
751,1,dewpider,True,1007,0.3,4.0
752,1,araquanid,True,1008,1.8,82.0
753,1,fomantis,True,1009,0.3,1.5
754,1,lurantis,True,1010,0.9,18.5
755,1,morelull,True,1011,0.2,1.5
756,1,shiinotic,True,1012,1.0,11.5
757,1,salandit,True,1013,0.6,4.8
758,1,salazzle,True,1014,1.2,22.2
759,1,stufful,True,1015,0.5,6.8
760,1,bewear,True,1016,2.1,135.0
761,1,bounsweet,True,1017,0.3,3.2
762,1,steenee,True,1018,0.7,8.2
763,1,tsareena,True,1019,1.2,21.4
764,1,comfey,True,1020,0.1,0.3
765,1,oranguru,True,1021,1.5,76.0
766,1,passimian,True,1022,2.0,82.8
767,1,wimpod,True,1023,0.5,12.0
768,1,golisopod,True,1024,2.0,108.0
769,1,sandygast,True,1025,0.5,70.0
770,1,palossand,True,1026,1.3,250.0
771,1,pyukumuku,True,1027,0.3,1.2
772,1,type-null,True,1028,1.9,120.5
773,1,silvally-normal,True,1029,2.3,100.5
773,2,silvally-fire,False,1030,2.3,100.5
773,3,silvally-water,False,1031,2.3,100.5
773,4,silvally-grass,False,1032,2.3,100.5
773,5,silvally-electric,False,1033,2.3,100.5
773,6,silvally-ice,False,1034,2.3,100.5
773,7,silvally-fighting,False,1035,2.3,100.5
773,8,silvally-poison,False,1036,2.3,100.5
773,9,silvally-ground,False,1037,2.3,100.5
773,10,silvally-flying,False,1038,2.3,100.5
773,11,silvally-psychic,False,1039,2.3,100.5
773,12,silvally-bug,False,1040,2.3,100.5
773,13,silvally-rock,False,1041,2.3,100.5
773,14,silvally-ghost,False,1042,2.3,100.5
773,15,silvally-dragon,False,1043,2.3,100.5
773,16,silvally-dark,False,1044,2.3,100.5
773,17,silvally-steel,False,1045,2.3,100.5
773,18,silvally-fairy,False,1046,2.3,100.5
774,1,minior-meteor,True,1047,0.3,40.0
774,2,minior-red,False,1048,0.3,0.3
774,3,minior-orange,False,1049,0.3,0.3
774,4,minior-yellow,False,1050,0.3,0.3
774,5,minior-green,False,1051,0.3,0.3
774,6,minior-blue,False,1052,0.3,0.3
774,7,minior-indigo,False,1053,0.3,0.3
774,8,minior-violet,False,1054,0.3,0.3
775,1,komala,True,1055,0.4,19.9
776,1,turtonator,True,1056,2.0,212.0
777,1,togedemaru,True,1057,0.3,3.3
778,1,mimikyu-disguised,True,1058,0.2,0.7
778,2,mimikyu-busted,False,1059,0.2,0.7
779,1,bruxish,True,1060,0.9,19.0
780,1,drampa,True,1061,3.0,185.0
781,1,dhelmise,True,1062,3.9,210.0
782,1,jangmo-o,True,1063,0.6,29.7
783,1,hakamo-o,True,1064,1.2,47.0
784,1,kommo-o,True,1065,1.6,78.2
785,1,tapu-koko,True,1066,1.8,20.5
786,1,tapu-lele,True,1067,1.2,18.6
787,1,tapu-bulu,True,1068,1.9,45.5
788,1,tapu-fini,True,1069,1.3,21.2
789,1,cosmog,True,1070,0.2,0.1
790,1,cosmoem,True,1071,0.1,999.9
791,1,solgaleo,True,1072,3.4,230.0
792,1,lunala,True,1073,4.0,120.0
793,1,nihilego,True,1074,1.2,55.5
794,1,buzzwole,True,1075,2.4,333.6
795,1,pheromosa,True,1076,1.8,25.0
796,1,xurkitree,True,1077,3.8,100.0
797,1,celesteela,True,1078,9.2,999.9
798,1,kartana,True,1079,0.3,0.1
799,1,guzzlord,True,1080,5.5,888.0
800,1,necrozma,True,1081,2.4,230.0
800,2,necrozma-dusk-mane,False,1082,3.8,460.0
800,3,necrozma-dawn-wings,False,1083,4.2,350.0
800,4,necrozma-ultra,False,1084,7.5,230.0
801,1,magearna,True,1085,1.0,80.5
801,2,magearna-original,False,1086,1.0,80.5
802,1,marshadow,True,1087,0.7,22.2
803,1,poipole,True,1088,0.6,1.8
804,1,naganadel,True,1089,3.6,150.0
805,1,stakataka,True,1090,5.5,820.0
806,1,blacephalon,True,1091,1.8,13.0
807,1,zeraora,True,1092,1.5,44.5
808,1,meltan,True,1093,0.2,8.0
809,1,melmetal,True,1094,2.5,800.0
809,2,melmetal-gigantamax,False,1095,25.0,
810,1,grookey,True,1096,0.3,5.0
811,1,thwackey,True,1097,0.7,14.0
812,1,rillaboom,True,1098,2.1,90.0
813,1,scorbunny,True,1099,0.3,4.5
814,1,raboot,True,1100,0.6,9.0
815,1,cinderace,True,1101,1.4,33.0
816,1,sobble,True,1102,0.3,4.0
817,1,drizzile,True,1103,0.7,11.5
818,1,inteleon,True,1104,1.9,45.2
819,1,skwovet,True,1105,0.3,2.5
820,1,greedent,True,1106,0.6,6.0
821,1,rookidee,True,1107,0.2,1.8
822,1,corvisquire,True,1108,0.8,16.0
823,1,corviknight,True,1109,2.2,75.0
823,2,corviknight-gigantamax,False,1110,14.0,
824,1,blipbug,True,1111,0.4,8.0
825,1,dottler,True,1112,0.4,19.5
826,1,orbeetle,True,1113,0.4,40.8
826,2,orbeetle-gigantamax,False,1114,14.0,
827,1,nickit,True,1115,0.6,8.9
828,1,thievul,True,1116,1.2,19.9
829,1,gossifleur,True,1117,0.4,2.2
830,1,eldegoss,True,1118,0.5,2.5
831,1,wooloo,True,1119,0.6,6.0
832,1,dubwool,True,1120,1.3,43.0
833,1,chewtle,True,1121,0.3,8.5
834,1,drednaw,True,1122,1.0,115.5
834,2,drednaw-gigantamax,False,1123,24.0,
835,1,yamper,True,1124,0.3,13.5
836,1,boltund,True,1125,1.0,34.0
837,1,rolycoly,True,1126,0.3,12.0
838,1,carkol,True,1127,1.1,78.0
839,1,coalossal,True,1128,2.8,310.5
839,2,coalossal-gigantamax,False,1129,42.0,
840,1,applin,True,1130,0.2,0.5
841,1,flapple,True,1131,0.3,1.0
841,2,flapple-gigantamax,False,1132,24.0,
842,1,appletun,True,1133,0.4,13.0
842,2,appletun-gigantamax,False,1134,24.0,
843,1,silicobra,True,1135,2.2,7.6
844,1,sandaconda,True,1136,3.8,65.5
844,2,sandaconda-gigantamax,False,1137,22.0,
845,1,cramorant,True,1138,0.8,18.0
845,2,cramorant-gulping,False,1139,0.8,18.0
845,3,cramorant-gorging,False,1140,0.8,18.0
846,1,arrokuda,True,1141,0.5,1.0
847,1,barraskewda,True,1142,1.3,30.0
848,1,toxel,True,1143,0.4,11.0
849,1,toxtricity-amped,True,1144,1.6,40.0
849,2,toxtricity-low-key,False,1145,1.6,40.0
849,3,toxtricity-gigantamax,False,1146,24.0,
850,1,sizzlipede,True,1147,0.7,1.0
851,1,centiskorch,True,1148,3.0,120.0
851,2,centiskorch-gigantamax,False,1149,75.0,
852,1,clobbopus,True,1150,0.6,4.0
853,1,grapploct,True,1151,1.6,39.0
854,1,sinistea-phony,True,1152,0.1,0.2
854,2,sinistea-antique,False,1153,0.1,0.2
855,1,polteageist-phony,True,1154,0.2,0.4
855,2,polteageist-antique,False,1155,0.2,0.4
856,1,hatenna,True,1156,0.4,3.4
857,1,hattrem,True,1157,0.6,4.8
858,1,hatterene,True,1158,2.1,5.1
858,2,hatterene-gigantamax,False,1159,26.0,
859,1,impidimp,True,1160,0.4,5.5
860,1,morgrem,True,1161,0.8,12.5
861,1,grimmsnarl,True,1162,1.5,61.0
861,2,grimmsnarl-gigantamax,False,1163,32.0,
862,1,obstagoon,True,396,1.6,46.0
863,1,perrserker,True,95,0.8,28.0
864,1,cursola,True,353,1.0,0.4
865,1,sirfetchd,True,138,0.8,117.0
866,1,mr-rime,True,199,1.5,58.2
867,1,runerigus,True,740,1.6,66.6
868,1,milcery,True,1164,0.2,0.3
869,1,alcremie-vanilla-cream,True,1165,0.3,0.5
869,2,alcremie-ruby-cream,False,1166,0.3,0.5
869,3,alcremie-matcha-cream,False,1167,0.3,0.5
869,4,alcremie-mint-cream,False,1168,0.3,0.5
869,5,alcremie-lemon-cream,False,1169,0.3,0.5
869,6,alcremie-salted-cream,False,1170,0.3,0.5
869,7,alcremie-ruby-swirl,False,1171,0.3,0.5
869,8,alcremie-caramel-swirl,False,1172,0.3,0.5
869,9,alcremie-rainbow-swirl,False,1173,0.3,0.5
869,10,alcremie-gigantamax,False,1174,30.0,
870,1,falinks,True,1175,3.0,62.0
871,1,pincurchin,True,1176,0.3,1.0
872,1,snom,True,1177,0.3,3.8
873,1,frosmoth,True,1178,1.3,42.0
874,1,stonjourner,True,1179,2.5,520.0
875,1,eiscue-ice,True,1180,1.4,89.0
875,2,eiscue-noice,False,1181,1.4,89.0
876,1,indeedee-female,True,1182,0.9,28.0
876,2,indeedee-male,False,1183,0.9,28.0
877,1,morpeko-full-belly,True,1184,0.3,3.0
877,2,morpeko-hangry,False,1185,0.3,3.0
878,1,cufant,True,1186,1.2,100.0
879,1,copperajah,True,1187,3.0,650.0
879,2,copperajah-gigantamax,False,1188,23.0,
880,1,dracozolt,True,1189,1.8,190.0
881,1,arctozolt,True,1190,2.3,150.0
882,1,dracovish,True,1191,2.3,215.0
883,1,arctovish,True,1192,2.0,175.0
884,1,duraludon,True,1193,1.8,40.0
884,2,duraludon-gigantamax,False,1194,43.0,
885,1,dreepy,True,1195,0.5,2.0
886,1,drakloak,True,1196,1.4,11.0
887,1,dragapult,True,1197,3.0,50.0
888,1,zacian-hero,True,1198,2.8,110.0
888,2,zacian-crowned,False,1199,2.8,355.0
889,1,zamazenta-hero,True,1200,2.9,210.0
889,2,zamazenta-crowned,False,1201,2.9,785.0
890,1,eternatus,True,1202,20.0,950.0
890,2,eternatus-eternamax,False,1203,100.0,
